Time,Day,Age_band_of_driver,Sex_of_driver,Educational_level,Vehicle_driver_relation,Driving_experience,Type_of_vehicle,Owner_of_vehicle,Service_year_of_vehicle,Area_accident_occured,Lanes_or_Medians,Road_allignment,Types_of_Junction,Road_surface_type,Road_surface_conditions,Light_conditions,Weather_conditions,Type_of_collision,Number_of_vehicles_involved,Number_of_casualties,Vehicle_movement,Sex_of_casualty,Age_band_of_casualty,Casualty_severity,Work_of_casuality,Fitness_of_casuality,Pedestrian_movement,Cause_of_accident,Accident_severity
22:00:00,Saturday,Unknown,Female,Junior high school,Employee,5-10yr,Other,Owner,Unknown,Residential areas,Two-way (divided with broken lines road marking),Tangent road with flat terrain,No junction,Asphalt roads,Dry,Darkness - lights lit,Normal,Vehicle Collision,4,1,Moving forward,na,na,na,Self-employed,Normal,Not a Pedestrian,Changing lane to the right,Slight Injury
22:00:00,Saturday,Unknown,Female,Junior high school,Employee,1-2yr,Lorry (41 - 100 Quintal),Owner,Unknown,Office areas,Double carriageway (median),Gentle horizontal curve,No junction,Asphalt roads,Dry,Darkness - lights lit,Normal,Self-accident,4,1,Moving forward,Male,18-30,3,Self-employed,Normal,Not a Pedestrian,Changing lane to the right,Slight Injury
22:00:00,Saturday,Unknown,Female,Junior high school,Employee,1-2yr,Automobile,Owner,Unknown,Office areas,Double carriageway (median),Tangent road with flat terrain,No junction,Asphalt roads,Dry,Darkness - lights lit,Normal,Vehicle Collision,4,1,Moving forward,na,na,na,,,Not a Pedestrian,No distancing,Slight Injury
02:00:00,Thursday,18-30,Male,Junior high school,Employee,1-2yr,Public (> 45 seats),Organization,Unknown,Other,Double carriageway (median),Tangent road with flat terrain,Y Shape,Earth roads,Dry,Darkness - lights lit,Normal,Vehicle Collision,2,1,Moving forward,Male,31-50,3,Self-employed,Normal,Not a Pedestrian,No distancing,Slight Injury
02:00:00,Thursday,18-30,Male,High school,Employee,2-5yr,Lorry (41 - 100 Quintal),Owner,Unknown,Office areas,Two-way (divided with broken lines road marking),Tangent road with flat terrain,Y Shape,Asphalt roads,Dry,Darkness - lights lit,Normal,Pedestrian Collision,2,1,Moving forward,Male,31-50,2,,,Not a Pedestrian,Overturning,Slight Injury
13:00:00,Friday,Over 51,Male,High school,Owner,Above 10yr,Other,Owner,Unknown,Office areas,,Tangent road with flat terrain,Y Shape,Asphalt roads,Dry,Daylight,Normal,Vehicle Collision,2,1,Turning,Male,31-50,3,Self-employed,Normal,Not a Pedestrian,Driving at high speed,Slight Injury
13:00:00,Friday,31-50,Male,Elementary school,Employee,2-5yr,Other,Governmental,Unknown,Office areas,One way,Tangent road with flat terrain,Y Shape,Asphalt roads,Dry,Daylight,Normal,Vehicle Collision,2,1,Moving forward,Male,31-50,3,Driver,Normal,Not a Pedestrian,No priority to vehicle,Slight Injury
07:00:00,Wednesday,Over 51,Male,Junior high school,Employee,Above 10yr,Automobile,Owner,Unknown,Other,Undivided Two way,Tangent road with flat terrain,Y Shape,Asphalt roads,Dry,Daylight,Normal,Vehicle Collision,2,1,Moving backward,Male,18-30,3,Self-employed,Normal,Not a Pedestrian,No priority to pedestrian,Slight Injury
07:00:00,Wednesday,18-30,Male,High school,Employee,2-5yr,Lorry (41 - 100 Quintal),Owner,Unknown,Residential areas,,Tangent road with flat terrain,Y Shape,Asphalt roads,Dry,Daylight,Normal,Vehicle Collision,2,1,Other,na,na,na,Self-employed,Normal,Not a Pedestrian,No priority to vehicle,Slight Injury
18:00:00,Tuesday,18-30,Male,Junior high school,Other,No Licence,Pick up upto 10 Quintal,Owner,2-5yrs,Residential areas,Two-way (divided with broken lines road marking),Gentle horizontal curve,Crossing,Asphalt roads,Wet or damp,Darkness - lights lit,Raining,Stationary Object Collision,2,2,Moving forward,na,na,na,Self-employed,Normal,Not a Pedestrian,Other,Slight Injury
18:00:00,Tuesday,18-30,Male,Junior high school,Employee,1-2yr,Automobile,Owner,5-10yrs, Church areas,Two-way (divided with broken lines road marking),Tangent road with flat terrain,Crossing,Asphalt roads,Wet or damp,Darkness - lights lit,Raining,Vehicle Collision,2,2,Moving forward,Male,18-30,3,Driver,Normal,Not a Pedestrian,Other,Slight Injury
18:00:00,Tuesday,18-30,Male,Junior high school,Owner,5-10yr,Automobile,Owner,5-10yrs,Other,Two-way (divided with broken lines road marking),Tangent road with flat terrain,Crossing,Asphalt roads,Wet or damp,Darkness - lights lit,Raining,Vehicle Collision,2,2,Turning,Female,Over 51,3,Employee,Normal,Crossing from driver's nearside,Moving Backward,Slight Injury
16:00:00,Tuesday,Under 18,Male,Junior high school,Employee,1-2yr,Other,Owner,Unknown,Residential areas,Two-way (divided with broken lines road marking),Tangent road with flat terrain,Y Shape,Gravel roads,Wet or damp,Daylight,Normal,Vehicle Collision,1,1,Other,Female,18-30,3,Student,Normal,Crossing from nearside - masked by parked or statioNot a Pedestrianry vehicle,No distancing,Slight Injury
23:00:00,Saturday,Unknown,Female,Junior high school,Employee,Above 10yr,Automobile,Owner,2-5yrs,Other,Undivided Two way,Tangent road with flat terrain,Y Shape,Asphalt roads,Wet or damp,Darkness - lights lit,Normal,Vehicle Collision,2,1,Moving forward,Male,18-30,3,,,Crossing from nearside - masked by parked or statioNot a Pedestrianry vehicle,Moving Backward,Serious Injury
23:00:00,Saturday,18-30,Male,Junior high school,Employee,1-2yr,Stationwagen,Owner,2-5yrs,Residential areas,Undivided Two way,Tangent road with flat terrain,Y Shape,Asphalt roads,Wet or damp,Darkness - lights lit,Normal,Stationary Object Collision,2,1,Moving forward,Female,Under 18,3,,,Not a Pedestrian,No priority to vehicle,Serious Injury
17:00:00,Thursday,31-50,Male,Junior high school,Employee,1-2yr,Other,Owner,2-5yrs,Residential areas,Two-way (divided with broken lines road marking),Tangent road with flat terrain,No junction,Asphalt roads,Dry,Darkness - lights lit,Normal,Vehicle Collision,2,1,Other,Male,18-30,3,,Normal,Not a Pedestrian,Driving carelessly,Slight Injury
17:00:00,Thursday,31-50,Male,Junior high school,Employee,2-5yr,Automobile,Owner,5-10yrs,Other,Two-way (divided with broken lines road marking),Tangent road with flat terrain,No junction,Asphalt roads,Dry,Darkness - lights lit,Normal,Stationary Object Collision,2,1,Moving forward,Female,Over 51,3,Driver,Normal,Not a Pedestrian,No distancing,Slight Injury
02:00:00,Sunday,18-30,Male,High school,Employee,1-2yr,Ridden horse,Owner,Unknown,Other,Two-way (divided with broken lines road marking),Tangent road with flat terrain,Crossing,Asphalt roads,Dry,Darkness - lights lit,Normal,Vehicle Collision,2,3,Turning,na,na,na,Driver,Normal,Not a Pedestrian,Other,Slight Injury
02:00:00,Sunday,31-50,Male,Junior high school,Employee,1-2yr,Automobile,Owner,Unknown,Other,Undivided Two way,Tangent road with flat terrain,Crossing,Asphalt roads,Dry,Darkness - lights lit,Normal,Self-accident,2,3,Moving forward,Male,31-50,3,,,Not a Pedestrian,Changing lane to the right,Slight Injury
02:00:00,Sunday,31-50,Male,Elementary school,Employee,Above 10yr,Other,Owner,Unknown,Other,Double carriageway (median),Tangent road with flat terrain,Crossing,Asphalt roads,Dry,Darkness - lights lit,Normal,Vehicle Collision,2,3,Turning,Female,31-50,3,,,Not a Pedestrian,No distancing,Slight Injury
16:00:00,Saturday,31-50,Male,Junior high school,Employee,Above 10yr,Lorry (41 - 100 Quintal),Owner,Unknown,Residential areas,Two-way (divided with broken lines road marking),Tangent road with flat terrain,Y Shape,Asphalt roads,Dry,Daylight,Normal,Vehicle Collision,2,1,Moving forward,Male,31-50,3,,,Not a Pedestrian,Driving carelessly,Slight Injury
16:00:00,Saturday,18-30,Male,Elementary school,Employee,Above 10yr,Lorry (41 - 100 Quintal),Owner,2-5yrs,  Recreational areas,Undivided Two way,Tangent road with flat terrain,Y Shape,Asphalt roads,Dry,Daylight,Normal,Vehicle Collision,2,1,Moving backward,Male,18-30,3,,,Not a Pedestrian,No distancing,Slight Injury
09:00:00,Sunday,Under 18,Male,Junior high school,Employee,Above 10yr,Lorry (41 - 100 Quintal),Owner,Unknown,Other,other,Tangent road with flat terrain,Y Shape,Asphalt roads,Dry,Daylight,Normal,Vehicle Collision,2,1,Moving forward,Male,5,3,Driver,Normal,Not a Pedestrian,No priority to vehicle,Slight Injury
09:00:00,Sunday,31-50,Male,Junior high school,Employee,1-2yr,Stationwagen,Owner,Unknown,Office areas,Undivided Two way,Tangent road with flat terrain,Y Shape,Asphalt roads,Dry,Daylight,Normal,Vehicle Collision,2,1,Moving forward,Male,18-30,3,Driver,Normal,Not a Pedestrian,Changing lane to the right,Slight Injury
16:00:00,Wednesday,Over 51,Male,Junior high school,Employee,5-10yr,Lorry (41 - 100 Quintal),Owner,Unknown,Other,Undivided Two way,Tangent road with flat terrain,Unknown,Asphalt roads,Dry,Daylight,Normal,Pedestrian Collision,1,1,Moving forward,Female,31-50,3,Driver,Normal,Not a Pedestrian,No priority to pedestrian,Serious Injury
06:00:00,Wednesday,18-30,Male,High school,Owner,2-5yr,Automobile,Owner,Unknown,Office areas,Undivided Two way,Tangent road with flat terrain,Y Shape,Asphalt roads,Dry,Darkness - lights lit,Normal,Self-accident,1,1,Moving backward,na,na,na,Other,Normal,Not a Pedestrian,No priority to vehicle,Slight Injury
15:00:00,Friday,18-30,Male,Junior high school,Employee,2-5yr,Automobile,Owner,Unknown,Office areas,One way,Tangent road with flat terrain,No junction,Asphalt roads,Dry,Daylight,Normal,Vehicle Collision,1,1,Moving backward,Female,Under 18,3,Driver,Normal,Crossing from offside - masked by  parked or statioNot a Pedestrianry vehicle,Changing lane to the left,Slight Injury
16:00:00,Tuesday,31-50,Male,Junior high school,Employee,5-10yr,Pick up upto 10 Quintal,Owner,Unknown,Office areas,Undivided Two way,Tangent road with flat terrain,Y Shape,Asphalt roads,Dry,Daylight,Normal,Self-accident,2,1,Moving backward,Male,18-30,3,,,Not a Pedestrian,Turnover,Fatal injury
16:00:00,Tuesday,Over 51,Male,Junior high school,Employee,5-10yr,Taxi,Owner,Unknown,Other,Undivided Two way,Tangent road with flat terrain,Y Shape,Asphalt roads,Dry,Daylight,Normal,Vehicle Collision,2,1,Moving forward,na,na,na,Driver,Normal,Not a Pedestrian,Driving to the left,Fatal injury
07:00:00,Monday,31-50,Male,Junior high school,Employee,2-5yr,Automobile,Governmental,Unknown,Other,Double carriageway (median),Tangent road with flat terrain,Y Shape,Asphalt roads,Wet or damp,Daylight,Raining,Vehicle Collision,2,1,Moving forward,na,na,na,Driver,Normal,Not a Pedestrian,Driving carelessly,Slight Injury
07:00:00,Monday,31-50,Male,High school,Employee,Above 10yr,Automobile,Owner,Unknown,Office areas,Two-way (divided with solid lines road marking),Tangent road with flat terrain,Y Shape,Asphalt roads,Wet or damp,Daylight,Raining,Vehicle Collision,2,1,Moving forward,Male,31-50,3,Unemployed,Normal,Not a Pedestrian,Driving to the left,Slight Injury
16:00:00,Sunday,Unknown,Female,Elementary school,Employee,5-10yr,Automobile,Owner,Unknown,Residential areas,other,Tangent road with flat terrain,Crossing,Asphalt roads,Wet or damp,Daylight,Raining,Self-accident,2,3,Moving forward,Male,31-50,2,Driver,Normal,Crossing from driver's nearside,Driving carelessly,Slight Injury
16:00:00,Sunday,18-30,Male,Junior high school,Employee,Above 10yr,Long lorry,Governmental,2-5yrs,  Recreational areas,Undivided Two way,Tangent road with flat terrain,Crossing,Asphalt roads,Wet or damp,Daylight,Raining,Vehicle Collision,2,3,Moving backward,na,na,na,Driver,Normal,Not a Pedestrian,No priority to pedestrian,Slight Injury
16:00:00,Sunday,18-30,Male,Writing & reading,Employee,2-5yr,Public (12 seats),Owner,1-2yr,Other,other,Tangent road with flat terrain,Crossing,Earth roads,Wet or damp,Daylight,Raining,Stationary Object Collision,2,3,Moving forward,Male,31-50,3,Driver,Normal,Not a Pedestrian,Driving carelessly,Slight Injury
16:00:00,Sunday,18-30,Male,Junior high school,Employee,2-5yr,Pick up upto 10 Quintal,Owner,Above 10yr,Residential areas,other,Tangent road with flat terrain,Crossing,Asphalt roads,Wet or damp,Daylight,Raining,Vehicle Collision,2,3,Moving backward,na,na,na,Driver,Normal,Not a Pedestrian,Changing lane to the right,Slight Injury
10:00:00,Friday,Over 51,Male,High school,Employee,2-5yr,Automobile,Owner,Unknown,Other,other,Tangent road with flat terrain,O Shape,Asphalt roads,Wet or damp,Daylight,Other,Vehicle Collision,3,1,Moving backward,Male,18-30,3,Employee,Normal,Not a Pedestrian,Moving Backward,Slight Injury
10:00:00,Friday,18-30,Male,Junior high school,Employee,1-2yr,Other,Owner,Unknown,Other,other,Tangent road with flat terrain,O Shape,Asphalt roads,Wet or damp,Daylight,Other,Vehicle Collision,3,1,Moving forward,na,na,na,Driver,Normal,Not a Pedestrian,Driving carelessly,Slight Injury
10:00:00,Friday,Unknown,Female,High school,Employee,5-10yr,Lorry (41 - 100 Quintal),Owner,5-10yrs,Other,One way,Tangent road with flat terrain,O Shape,Asphalt roads,Wet or damp,Daylight,Other,Pedestrian Collision,3,1,Other,Male,18-30,3,Self-employed,Normal,Not a Pedestrian,Changing lane to the right,Slight Injury
19:00:00,Thursday,31-50,Male,Elementary school,Employee,2-5yr,Automobile,Owner,Unknown,Other,Two-way (divided with broken lines road marking),Tangent road with flat terrain,Y Shape,Asphalt roads,Dry,Darkness - lights lit,Normal,Vehicle Collision,1,1,Moving forward,na,na,na,Driver,Normal,Not a Pedestrian,Driving carelessly,Slight Injury
14:00:00,Friday,18-30,Male,Junior high school,Employee,1-2yr,Pick up upto 10 Quintal,Owner,2-5yrs,Other,other,Tangent road with flat terrain,Crossing,Asphalt roads,Dry,Daylight,Unknown,Vehicle Collision,2,1,Other,Male,18-30,3,Driver,Normal,Not a Pedestrian,Driving carelessly,Slight Injury
14:00:00,Friday,18-30,Male,Elementary school,Employee,1-2yr,Lorry (41 - 100 Quintal),Owner,Unknown,School areas,Undivided Two way,Tangent road with flat terrain,Crossing,Asphalt roads,Dry,Daylight,Unknown,Vehicle Collision,2,1,Moving forward,na,na,na,,,Not a Pedestrian,Driving carelessly,Slight Injury
17:00:00,Tuesday,18-30,Male,High school,Employee,No Licence,Lorry (41 - 100 Quintal),Owner,Unknown,Office areas,Two-way (divided with broken lines road marking),Tangent road with flat terrain,Y Shape,Gravel roads,Dry,Daylight,Normal,Self-accident,2,1,Moving backward,Male,31-50,3,Driver,Normal,Not a Pedestrian,Changing lane to the right,Slight Injury
17:00:00,Tuesday,31-50,Male,Junior high school,Owner,5-10yr,Long lorry,Owner,Unknown,Office areas,Two-way (divided with broken lines road marking),Tangent road with flat terrain,Y Shape,Asphalt roads,Dry,Daylight,Normal,Stationary Object Collision,2,1,Moving forward,na,na,na,,,Not a Pedestrian,Changing lane to the right,Slight Injury
17:00:00,Wednesday,18-30,Male,Junior high school,Employee,1-2yr,Public (> 45 seats),Owner,5-10yrs,Office areas,Two-way (divided with broken lines road marking),Tangent road with flat terrain,No junction,Asphalt roads,Dry,Daylight,Normal,Vehicle Collision,1,1,Moving forward,na,na,na,,,Not a Pedestrian,Driving carelessly,Slight Injury
15:00:00,Wednesday,Over 51,Male,Junior high school,Employee,2-5yr,Public (> 45 seats),Owner,Unknown,School areas,,Tangent road with flat terrain,Y Shape,Asphalt roads,Dry,Daylight,Normal,Vehicle Collision,3,1,Moving forward,Male,18-30,3,,Normal,Crossing from driver's nearside,Overtaking,Serious Injury
15:00:00,Wednesday,31-50,Male,Junior high school,Employee,5-10yr,Automobile,Governmental,Unknown,School areas,Undivided Two way,Tangent road with flat terrain,Y Shape,Other,Dry,Daylight,Normal,Stationary Object Collision,3,1,Moving forward,Male,18-30,3,Driver,Normal,Crossing from driver's nearside,Changing lane to the right,Serious Injury
15:00:00,Wednesday,31-50,Male,Junior high school,Employee,5-10yr,Automobile,Owner,Unknown,Office areas,Two-way (divided with broken lines road marking),Tangent road with flat terrain,Y Shape,Asphalt roads,Dry,Daylight,Normal,Vehicle Collision,3,1,Moving forward,Male,31-50,3,Driver,Normal,Not a Pedestrian,No distancing,Serious Injury
13:00:00,Tuesday,31-50,Male,Junior high school,Employee,5-10yr,Automobile,Owner,Unknown,Office areas,Two-way (divided with broken lines road marking),Tangent road with flat terrain,Y Shape,Asphalt roads,Wet or damp,Daylight,Normal,Vehicle Collision,1,1,Moving forward,na,na,na,Driver,Normal,Not a Pedestrian,Other,Slight Injury
18:00:00,Saturday,Over 51,Male,Junior high school,Employee,2-5yr,Other,Governmental,Above 10yr,School areas,Two-way (divided with broken lines road marking),Tangent road with flat terrain,Y Shape,Asphalt roads,Dry,Daylight,Normal,Vehicle Collision,1,1,Moving forward,Male,18-30,3,Driver,Normal,Not a Pedestrian,Changing lane to the right,Slight Injury
16:00:00,Saturday,Over 51,Male,Junior high school,Employee,Above 10yr,Public (12 seats),Owner,1-2yr,Other,Two-way (divided with broken lines road marking),Tangent road with flat terrain,Crossing,Asphalt roads,Dry,Daylight,Normal,Self-accident,2,2,Other,na,na,na,Driver,Normal,Not a Pedestrian,Changing lane to the right,Slight Injury
16:00:00,Saturday,18-30,Male,Junior high school,Owner,Above 10yr,Automobile,Owner,Above 10yr,Other,Two-way (divided with broken lines road marking),Tangent road with flat terrain,Crossing,Asphalt roads,Dry,Daylight,Normal,Self-accident,2,2,Moving forward,Male,Under 18,3,Driver,Normal,Crossing from driver's nearside,Overtaking,Slight Injury
12:00:00,Saturday,18-30,Male,Junior high school,Employee,5-10yr,Stationwagen,Owner,Below 1yr,Other,Undivided Two way,Tangent road with flat terrain,No junction,Asphalt roads,Dry,Daylight,Normal,Pedestrian Collision,2,1,Moving forward,Male,18-30,3,Employee,Normal,Not a Pedestrian,Other,Slight Injury
12:00:00,Saturday,18-30,Male,Elementary school,Owner,Above 10yr,Automobile,Owner,Above 10yr,Other,Two-way (divided with broken lines road marking),Tangent road with flat terrain,No junction,Asphalt roads,Dry,Daylight,Normal,Vehicle Collision,2,1,Moving forward,na,na,na,,Normal,Not a Pedestrian,Driving to the left,Slight Injury
23:00:00,Monday,18-30,Male,Junior high school,Employee,5-10yr,Automobile,Owner,Unknown,Residential areas,Undivided Two way,Tangent road with flat terrain,Crossing,Asphalt roads,Dry,Darkness - lights lit,Normal,Vehicle Collision,2,2,Moving forward,na,na,na,Driver,Normal,Not a Pedestrian,Overtaking,Slight Injury
23:00:00,Monday,31-50,Male,Junior high school,Owner,5-10yr,Automobile,Governmental,1-2yr,Other,Undivided Two way,Tangent road with flat terrain,Crossing,Asphalt roads,Dry,Darkness - lights lit,Normal,Vehicle Collision,2,2,Moving backward,Male,18-30,2,,,Not a Pedestrian,No priority to vehicle,Slight Injury
23:00:00,Monday,31-50,Male,Junior high school,Owner,Above 10yr,Automobile,Owner,1-2yr,Other,Undivided Two way,Tangent road with flat terrain,Crossing,Asphalt roads,Dry,Darkness - lights lit,Normal,Pedestrian Collision,2,2,Moving forward,Male,Over 51,3,Self-employed,Normal,Not a Pedestrian,Moving Backward,Slight Injury
17:00:00,Tuesday,Over 51,Male,High school,Owner,Above 10yr,Automobile,Owner,Unknown, Industrial areas,Undivided Two way,Tangent road with flat terrain,No junction,Asphalt roads,Dry,Daylight,Normal,Pedestrian Collision,1,1,Moving forward,Male,31-50,3,,,Not a Pedestrian,Other,Slight Injury
17:00:00,Monday,18-30,Male,Junior high school,Employee,5-10yr,Pick up upto 10 Quintal,Owner,Unknown,  Recreational areas,Undivided Two way,Tangent road with flat terrain,Y Shape,Asphalt roads,Wet or damp,Daylight,Raining,Vehicle Collision,2,1,Other,na,na,na,Self-employed,Normal,Not a Pedestrian,No priority to vehicle,Slight Injury
17:00:00,Monday,18-30,Male,Elementary school,Employee,5-10yr,Turbo,Owner,Above 10yr, Church areas,Two-way (divided with broken lines road marking),Tangent road with flat terrain,Y Shape,Asphalt roads,Wet or damp,Daylight,Raining,Vehicle Collision,2,1,Moving forward,Male,31-50,3,,,Not a Pedestrian,No priority to pedestrian,Slight Injury
19:00:00,Sunday,31-50,Male,Elementary school,Owner,Above 10yr,Pick up upto 10 Quintal,Owner,Unknown,Office areas,Two-way (divided with broken lines road marking),Tangent road with flat terrain,Y Shape,Asphalt roads,Dry,Darkness - lights lit,Normal,Vehicle Collision,2,1,Moving forward,na,na,na,Self-employed,Normal,Not a Pedestrian,Changing lane to the right,Slight Injury
19:00:00,Sunday,Over 51,Male,Junior high school,Owner,Below 1yr,Other,Owner,Unknown,Other,Two-way (divided with broken lines road marking),Tangent road with flat terrain,Y Shape,Gravel roads,Dry,Darkness - lights lit,Normal,Stationary Object Collision,2,1,Moving forward,Male,18-30,3,,,Not a Pedestrian,Changing lane to the right,Slight Injury
19:00:00,Thursday,Under 18,Male,Junior high school,Owner,2-5yr,Stationwagen,Owner,Unknown,Office areas,Undivided Two way,Tangent road with flat terrain,Y Shape,Asphalt roads,Dry,Daylight,Normal,Vehicle Collision,2,1,Turning,na,na,na,,,Not a Pedestrian,Changing lane to the right,Slight Injury
19:00:00,Thursday,31-50,Male,Junior high school,Owner,2-5yr,Pick up upto 10 Quintal,Owner,Unknown,Office areas,Two-way (divided with broken lines road marking),Tangent road with flat terrain,Y Shape,Asphalt roads,Dry,Daylight,Normal,Stationary Object Collision,2,1,Moving forward,na,na,na,Self-employed,Normal,Not a Pedestrian,Driving to the left,Slight Injury
16:00:00,Tuesday,31-50,Male,High school,Owner,5-10yr,Lorry (41 - 100 Quintal),Owner,Unknown,Other,Two-way (divided with broken lines road marking),Tangent road with flat terrain,Y Shape,Asphalt roads,Dry,Daylight,Normal,Vehicle Collision,3,3,Moving forward,Male,18-30,3,Employee,Normal,Not a Pedestrian,Changing lane to the left,Serious Injury
16:00:00,Tuesday,Under 18,Male,Junior high school,Owner,5-10yr,Lorry (41 - 100 Quintal),Owner,Above 10yr,Residential areas,Undivided Two way,Tangent road with flat terrain,Y Shape,Other,Dry,Daylight,Normal,Vehicle Collision,3,3,Moving backward,Female,18-30,3,Other,Normal,Not a Pedestrian,Moving Backward,Serious Injury
16:00:00,Tuesday,Under 18,Male,Junior high school,Employee,Above 10yr,Automobile,Owner,Above 10yr,Office areas,other,Tangent road with mountainous terrain and,Y Shape,Asphalt roads,Dry,Daylight,Normal,Stationary Object Collision,3,3,Other,na,na,na,Employee,Normal,Not a Pedestrian,Driving at high speed,Serious Injury
16:00:00,Tuesday,Under 18,Male,Elementary school,Owner,2-5yr,Automobile,Owner,Above 10yr,Residential areas,other,Tangent road with flat terrain,Y Shape,Other,Dry,Daylight,Normal,Vehicle Collision,3,3,Moving forward,na,na,na,,,Not a Pedestrian,Moving Backward,Serious Injury
12:00:00,Sunday,31-50,Male,Junior high school,Employee,5-10yr,Pick up upto 10 Quintal,Owner,Unknown,School areas,Two-way (divided with broken lines road marking),Tangent road with flat terrain,Y Shape,Asphalt roads,Dry,Daylight,Normal,Vehicle Collision,1,1,Moving forward,Male,31-50,3,Employee,Normal,Not a Pedestrian,No distancing,Slight Injury
18:00:00,Sunday,31-50,Male,Junior high school,Employee,Below 1yr,Pick up upto 10 Quintal,Owner,Above 10yr,Office areas,Two-way (divided with broken lines road marking),Sharp reverse curve,Y Shape,Asphalt roads,Dry,Daylight,Normal,Stationary Object Collision,3,2,Moving backward,Female,31-50,3,,,Not a Pedestrian,Other,Slight Injury
18:00:00,Sunday,31-50,Male,Junior high school,Employee,5-10yr,Lorry (41 - 100 Quintal),Owner,5-10yrs,Other,other,Tangent road with flat terrain,Y Shape,Asphalt roads,Dry,Daylight,Normal,Stationary Object Collision,3,2,Moving backward,na,na,na,Employee,Normal,Not a Pedestrian,No priority to vehicle,Slight Injury
18:00:00,Sunday,18-30,Male,High school,Employee,Above 10yr,Public (12 seats),Owner,Above 10yr,Other,Undivided Two way,Tangent road with flat terrain,Y Shape,Asphalt roads,Dry,Daylight,Normal,Vehicle Collision,3,2,Moving forward,Female,31-50,3,Employee,Normal,Not a Pedestrian,Changing lane to the right,Slight Injury
16:00:00,Thursday,18-30,Male,Junior high school,Employee,5-10yr,Other,Owner,Above 10yr, Church areas,other,Tangent road with flat terrain,Other,Asphalt roads,Dry,Daylight,Normal,Vehicle Collision,2,1,Moving forward,Female,Over 51,3,Employee,Normal,Not a Pedestrian,Other,Slight Injury
16:00:00,Thursday,18-30,Male,Elementary school,Employee,1-2yr,Stationwagen,Owner,Unknown,Office areas,Two-way (divided with broken lines road marking),Tangent road with flat terrain,Other,Asphalt roads,Dry,Daylight,Normal,Vehicle Collision,2,1,Moving backward,Female,18-30,3,Driver,Normal,Not a Pedestrian,No distancing,Slight Injury
00:00:00,Saturday,18-30,Male,Junior high school,Employee,5-10yr,Automobile,Owner,Unknown,Other,Two-way (divided with broken lines road marking),Tangent road with flat terrain,Crossing,Asphalt roads,Dry,Darkness - lights lit,Normal,Vehicle Collision,3,3,Moving forward,na,na,na,Driver,Normal,Not a Pedestrian,Driving carelessly,Slight Injury
00:00:00,Saturday,18-30,Male,Above high school,Employee,1-2yr,Automobile,Owner,Unknown,Office areas,Two-way (divided with broken lines road marking),Tangent road with mild grade and flat terrain,Crossing,Asphalt roads,Dry,Darkness - lights lit,Normal,Vehicle Collision,3,3,Moving forward,Male,Under 18,3,Student,Normal,Not a Pedestrian,No distancing,Slight Injury
00:00:00,Saturday,18-30,Male,Junior high school,Employee,Above 10yr,Lorry (41 - 100 Quintal),Owner,Unknown,Office areas,Two-way (divided with broken lines road marking),Tangent road with flat terrain,Crossing,Asphalt roads,Dry,Darkness - lights lit,Normal,Vehicle Collision,3,3,Moving forward,Male,18-30,3,Driver,Normal,Not a Pedestrian,Moving Backward,Slight Injury
00:00:00,Saturday,18-30,Male,Junior high school,Employee,1-2yr,Stationwagen,Owner,Above 10yr,Office areas,Two-way (divided with broken lines road marking),Sharp reverse curve,Crossing,Asphalt roads,Dry,Darkness - lights lit,Normal,Vehicle Collision,3,3,Moving forward,na,na,na,Self-employed,Normal,Not a Pedestrian,No distancing,Slight Injury
00:00:00,Saturday,18-30,Male,Junior high school,Employee,5-10yr,Lorry (41 - 100 Quintal),Owner,Above 10yr, Church areas,Undivided Two way,Sharp reverse curve,Crossing,Asphalt roads,Dry,Darkness - lights lit,Normal,Vehicle Collision,3,3,Moving forward,na,na,na,,,Not a Pedestrian,Moving Backward,Slight Injury
15:00:00,Wednesday,18-30,Male,Junior high school,Employee,2-5yr,Public (> 45 seats),Owner,Above 10yr,Office areas,Undivided Two way,Gentle horizontal curve,No junction,Asphalt roads,Dry,Daylight,Normal,Vehicle Collision,2,3,Moving forward,Male,18-30,3,,,Not a Pedestrian,No priority to pedestrian,Slight Injury
15:00:00,Wednesday,31-50,Male,Junior high school,Employee,5-10yr,Automobile,Owner,5-10yrs,Other,Double carriageway (median),Gentle horizontal curve,No junction,Asphalt roads,Dry,Daylight,Normal,Vehicle Collision,2,3,Moving forward,Male,Under 18,3,Driver,Normal,Not a Pedestrian,Changing lane to the left,Slight Injury
15:00:00,Wednesday,31-50,Male,Junior high school,Employee,2-5yr,Automobile,Owner,Unknown,Other,Two-way (divided with broken lines road marking),Tangent road with flat terrain,No junction,Asphalt roads,Dry,Daylight,Normal,Vehicle Collision,2,3,Moving forward,Male,5,3,Driver,Normal,Not a Pedestrian,No distancing,Slight Injury
15:00:00,Wednesday,31-50,Male,Junior high school,Employee,2-5yr,Automobile,Owner,5-10yrs, Church areas,Unknown,Tangent road with mountainous terrain and,No junction,Asphalt roads,Dry,Daylight,Normal,Vehicle Collision,2,3,Moving backward,Male,Over 51,3,Driver,Normal,Not a Pedestrian,Other,Slight Injury
15:00:00,Sunday,31-50,Male,Junior high school,Employee,Above 10yr,Automobile,Owner,1-2yr,School areas,Undivided Two way,Tangent road with flat terrain,Y Shape,Asphalt roads,Dry,Daylight,Normal,Vehicle Collision,2,1,Moving forward,Male,18-30,3,Driver,Normal,Not a Pedestrian,No distancing,Slight Injury